{
  "project_info": {
    "project_number": "194559816338",
    "project_id": "taste-trove-6aa11",
    "storage_bucket": "taste-trove-6aa11.appspot.com"
  },
  "client": [
    {
      "client_info": {
        "mobilesdk_app_id": "1:194559816338:android:419d51d256343052a6ec4b",
        "android_client_info": {
          "package_name": "com.koddev.tastetroveapp"
        }
      },
      "oauth_client": [],
      "api_key": [
        {
          "current_key": "AIzaSyBpU-CjpHP15VWOnjbK6G9l4AXzEJaDiyg"
        }
      ],
      "services": {
        "appinvite_service": {
          "other_platform_oauth_client": []
        }
      }
    }
  ],
  "configuration_version": "1"
}